Interface,No.,Time,Source,Destination,Protocol,Length,Info
s1-eth3,1,2024-09-04 05:59:27.029,192.168.1.10,192.168.1.77,TCP,54,80 → 32432 0x0014
s1-eth3,2,2024-09-04 05:59:27.029,192.168.1.77,192.168.1.10,TCP,54,32433 → 80 0x0002
s1-eth3,3,2024-09-04 05:59:27.029,192.168.1.10,192.168.1.77,TCP,54,80 → 32433 0x0014
s1-eth3,4,2024-09-04 05:59:27.029,192.168.1.77,192.168.1.10,TCP,54,32434 → 80 0x0002
s1-eth3,5,2024-09-04 05:59:27.029,192.168.1.10,192.168.1.77,TCP,54,80 → 32434 0x0014
s1-eth1,1,2024-09-04 05:59:27.068,192.168.1.10,192.168.1.77,TCP,54,80 → 35618 0x0014
s1-eth1,2,2024-09-04 05:59:27.068,192.168.1.77,192.168.1.10,TCP,54,35619 → 80 0x0002
s1-eth3,6,2024-09-04 05:59:27.029,192.168.1.77,192.168.1.10,TCP,54,32435 → 80 0x0002
s1-eth1,3,2024-09-04 05:59:27.068,192.168.1.10,192.168.1.77,TCP,54,80 → 35619 0x0014
s1-eth3,7,2024-09-04 05:59:27.029,192.168.1.10,192.168.1.77,TCP,54,80 → 32435 0x0014
s1-eth3,8,2024-09-04 05:59:27.029,192.168.1.77,192.168.1.10,TCP,54,32436 → 80 0x0002
s1-eth3,9,2024-09-04 05:59:27.029,192.168.1.10,192.168.1.77,TCP,54,80 → 32436 0x0014
s1-eth3,10,2024-09-04 05:59:27.029,192.168.1.77,192.168.1.10,TCP,54,32437 → 80 0x0002
s1-eth3,11,2024-09-04 05:59:27.029,192.168.1.10,192.168.1.77,TCP,54,80 → 32437 0x0014
s1-eth3,12,2024-09-04 05:59:27.029,192.168.1.77,192.168.1.10,TCP,54,32438 → 80 0x0002
s1-eth3,13,2024-09-04 05:59:27.029,192.168.1.10,192.168.1.77,TCP,54,80 → 32438 0x0014
s1-eth2,1,2024-09-04 05:59:27.059,192.168.1.77,192.168.1.10,TCP,54,34954 → 80 0x0002
s1-eth2,2,2024-09-04 05:59:27.059,192.168.1.10,192.168.1.77,TCP,54,80 → 34954 0x0014
s1-eth1,4,2024-09-04 05:59:27.068,192.168.1.77,192.168.1.10,TCP,54,35620 → 80 0x0002
s1-eth1,5,2024-09-04 05:59:27.068,192.168.1.10,192.168.1.77,TCP,54,80 → 35620 0x0014
s1-eth3,14,2024-09-04 05:59:27.029,192.168.1.77,192.168.1.10,TCP,54,32439 → 80 0x0002
s1-eth3,15,2024-09-04 05:59:27.029,192.168.1.10,192.168.1.77,TCP,54,80 → 32439 0x0014
s1-eth3,16,2024-09-04 05:59:27.029,192.168.1.77,192.168.1.10,TCP,54,32440 → 80 0x0002
s1-eth3,17,2024-09-04 05:59:27.029,192.168.1.10,192.168.1.77,TCP,54,80 → 32440 0x0014
s1-eth3,18,2024-09-04 05:59:27.029,192.168.1.77,192.168.1.10,TCP,54,32441 → 80 0x0002
s1-eth3,19,2024-09-04 05:59:27.029,192.168.1.10,192.168.1.77,TCP,54,80 → 32443 0x0014
s1-eth2,3,2024-09-04 05:59:27.059,192.168.1.77,192.168.1.10,TCP,54,34955 → 80 0x0002
s1-eth2,4,2024-09-04 05:59:27.059,192.168.1.10,192.168.1.77,TCP,54,80 → 34955 0x0014
s1-eth2,5,2024-09-04 05:59:27.059,192.168.1.77,192.168.1.10,TCP,54,34956 → 80 0x0002
s1-eth2,6,2024-09-04 05:59:27.059,192.168.1.10,192.168.1.77,TCP,54,80 → 34956 0x0014
s1-eth3,20,2024-09-04 05:59:27.029,192.168.1.77,192.168.1.10,TCP,54,32444 → 80 0x0002
s1-eth3,21,2024-09-04 05:59:27.029,192.168.1.10,192.168.1.77,TCP,54,80 → 32444 0x0014
s1-eth3,22,2024-09-04 05:59:27.029,192.168.1.77,192.168.1.10,TCP,54,32445 → 80 0x0002
s1-eth3,23,2024-09-04 05:59:27.029,192.168.1.10,192.168.1.77,TCP,54,80 → 32445 0x0014
s1-eth2,7,2024-09-04 05:59:27.059,192.168.1.77,192.168.1.10,TCP,54,34957 → 80 0x0002
s1-eth2,8,2024-09-04 05:59:27.059,192.168.1.10,192.168.1.77,TCP,54,80 → 34957 0x0014
s1-eth2,9,2024-09-04 05:59:27.059,192.168.1.77,192.168.1.10,TCP,54,34958 → 80 0x0002
s1-eth2,10,2024-09-04 05:59:27.059,192.168.1.10,192.168.1.77,TCP,54,80 → 34958 0x0014
s1-eth1,6,2024-09-04 05:59:27.068,192.168.1.77,192.168.1.10,TCP,54,35621 → 80 0x0002
s1-eth1,7,2024-09-04 05:59:27.068,192.168.1.10,192.168.1.77,TCP,54,80 → 35621 0x0014
s1-eth3,24,2024-09-04 05:59:27.029,192.168.1.77,192.168.1.10,TCP,54,32446 → 80 0x0002
s1-eth3,25,2024-09-04 05:59:27.029,192.168.1.10,192.168.1.77,TCP,54,80 → 32446 0x0014
s1-eth3,26,2024-09-04 05:59:27.029,192.168.1.77,192.168.1.10,TCP,54,32447 → 80 0x0002
s1-eth2,11,2024-09-04 05:59:27.059,192.168.1.77,192.168.1.10,TCP,54,34959 → 80 0x0002
s1-eth2,12,2024-09-04 05:59:27.059,192.168.1.10,192.168.1.77,TCP,54,80 → 34959 0x0014
s1-eth2,13,2024-09-04 05:59:27.059,192.168.1.77,192.168.1.10,TCP,54,34960 → 80 0x0002
s1-eth1,8,2024-09-04 05:59:27.068,192.168.1.10,192.168.1.77,TCP,54,80 → 35622 0x0014
s1-eth1,9,2024-09-04 05:59:27.068,192.168.1.77,192.168.1.10,TCP,54,35623 → 80 0x0002
s1-eth1,10,2024-09-04 05:59:27.068,192.168.1.10,192.168.1.77,TCP,54,80 → 35623 0x0014
s1-eth1,11,2024-09-04 05:59:27.068,192.168.1.77,192.168.1.10,TCP,54,35624 → 80 0x0002
s1-eth3,27,2024-09-04 05:59:27.029,192.168.1.10,192.168.1.77,TCP,54,80 → 32447 0x0014
s1-eth3,28,2024-09-04 05:59:27.029,192.168.1.77,192.168.1.10,TCP,54,32448 → 80 0x0002
s1-eth2,14,2024-09-04 05:59:27.059,192.168.1.10,192.168.1.77,TCP,54,80 → 34960 0x0014
s1-eth2,15,2024-09-04 05:59:27.059,192.168.1.77,192.168.1.10,TCP,54,34961 → 80 0x0002
s1-eth2,16,2024-09-04 05:59:27.059,192.168.1.10,192.168.1.77,TCP,54,80 → 34961 0x0014
s1-eth1,12,2024-09-04 05:59:27.068,192.168.1.10,192.168.1.77,TCP,54,80 → 35624 0x0014
s1-eth1,13,2024-09-04 05:59:27.068,192.168.1.77,192.168.1.10,TCP,54,35625 → 80 0x0002
s1-eth1,14,2024-09-04 05:59:27.068,192.168.1.10,192.168.1.77,TCP,54,80 → 35625 0x0014
s1-eth1,15,2024-09-04 05:59:27.068,192.168.1.77,192.168.1.10,TCP,54,35626 → 80 0x0002
s1-eth1,16,2024-09-04 05:59:27.068,192.168.1.10,192.168.1.77,TCP,54,80 → 35626 0x0014
s1-eth3,29,2024-09-04 05:59:27.029,192.168.1.10,192.168.1.77,TCP,54,80 → 32448 0x0014
s1-eth3,30,2024-09-04 05:59:27.029,192.168.1.77,192.168.1.10,TCP,54,32449 → 80 0x0002
s1-eth3,31,2024-09-04 05:59:27.029,192.168.1.10,192.168.1.77,TCP,54,80 → 32449 0x0014
s1-eth3,32,2024-09-04 05:59:27.029,192.168.1.77,192.168.1.10,TCP,54,32450 → 80 0x0002
s1-eth3,33,2024-09-04 05:59:27.029,192.168.1.10,192.168.1.77,TCP,54,80 → 32450 0x0014
s1-eth2,17,2024-09-04 05:59:27.059,192.168.1.77,192.168.1.10,TCP,54,34962 → 80 0x0002
s1-eth2,18,2024-09-04 05:59:27.059,192.168.1.10,192.168.1.77,TCP,54,80 → 34962 0x0014
s1-eth2,19,2024-09-04 05:59:27.059,192.168.1.77,192.168.1.10,TCP,54,34963 → 80 0x0002
s1-eth2,20,2024-09-04 05:59:27.059,192.168.1.10,192.168.1.77,TCP,54,80 → 34963 0x0014
s1-eth1,17,2024-09-04 05:59:27.068,192.168.1.77,192.168.1.10,TCP,54,35627 → 80 0x0002
s1-eth3,34,2024-09-04 05:59:27.029,192.168.1.77,192.168.1.10,TCP,54,32451 → 80 0x0002
s1-eth3,35,2024-09-04 05:59:27.029,192.168.1.10,192.168.1.77,TCP,54,80 → 32451 0x0014
s1-eth2,21,2024-09-04 05:59:27.059,192.168.1.77,192.168.1.10,TCP,54,34964 → 80 0x0002
s1-eth2,22,2024-09-04 05:59:27.059,192.168.1.10,192.168.1.77,TCP,54,80 → 34964 0x0014
s1-eth2,23,2024-09-04 05:59:27.059,192.168.1.77,192.168.1.10,TCP,54,34968 → 80 0x0002
s1-eth1,18,2024-09-04 05:59:27.068,192.168.1.10,192.168.1.77,TCP,54,80 → 35627 0x0014
s1-eth1,19,2024-09-04 05:59:27.068,192.168.1.77,192.168.1.10,TCP,54,35628 → 80 0x0002
s1-eth1,20,2024-09-04 05:59:27.068,192.168.1.10,192.168.1.77,TCP,54,80 → 35628 0x0014
s1-eth1,21,2024-09-04 05:59:27.068,192.168.1.77,192.168.1.10,TCP,54,35629 → 80 0x0002
s1-eth1,22,2024-09-04 05:59:27.068,192.168.1.10,192.168.1.77,TCP,54,80 → 35629 0x0014
s1-eth3,36,2024-09-04 05:59:27.029,192.168.1.77,192.168.1.10,TCP,54,32452 → 80 0x0002
s1-eth3,37,2024-09-04 05:59:27.029,192.168.1.10,192.168.1.77,TCP,54,80 → 32452 0x0014
s1-eth3,38,2024-09-04 05:59:27.029,192.168.1.77,192.168.1.10,TCP,54,32453 → 80 0x0002
s1-eth2,24,2024-09-04 05:59:27.059,192.168.1.10,192.168.1.77,TCP,54,80 → 34968 0x0014
s1-eth2,25,2024-09-04 05:59:27.059,192.168.1.77,192.168.1.10,TCP,54,34969 → 80 0x0002
s1-eth1,23,2024-09-04 05:59:27.068,192.168.1.77,192.168.1.10,TCP,54,35630 → 80 0x0002
s1-eth1,24,2024-09-04 05:59:27.068,192.168.1.10,192.168.1.77,TCP,54,80 → 35630 0x0014
s1-eth1,25,2024-09-04 05:59:27.068,192.168.1.77,192.168.1.10,TCP,54,35631 → 80 0x0002
s1-eth1,26,2024-09-04 05:59:27.068,192.168.1.10,192.168.1.77,TCP,54,80 → 35631 0x0014
s1-eth1,27,2024-09-04 05:59:27.068,192.168.1.77,192.168.1.10,TCP,54,35632 → 80 0x0002
s1-eth3,39,2024-09-04 05:59:27.029,192.168.1.10,192.168.1.77,TCP,54,80 → 32453 0x0014
s1-eth3,40,2024-09-04 05:59:27.029,192.168.1.77,192.168.1.10,TCP,54,32454 → 80 0x0002
s1-eth3,41,2024-09-04 05:59:27.029,192.168.1.10,192.168.1.77,TCP,54,80 → 32454 0x0014
s1-eth3,42,2024-09-04 05:59:27.029,192.168.1.77,192.168.1.10,TCP,54,32455 → 80 0x0002
s1-eth2,26,2024-09-04 05:59:27.059,192.168.1.10,192.168.1.77,TCP,54,80 → 34969 0x0014
s1-eth2,27,2024-09-04 05:59:27.059,192.168.1.77,192.168.1.10,TCP,54,34970 → 80 0x0002
s1-eth2,28,2024-09-04 05:59:27.059,192.168.1.10,192.168.1.77,TCP,54,80 → 34970 0x0014
s1-eth1,28,2024-09-04 05:59:27.068,192.168.1.10,192.168.1.77,TCP,54,80 → 35632 0x0014
s1-eth1,29,2024-09-04 05:59:27.068,192.168.1.77,192.168.1.10,TCP,54,35633 → 80 0x0002
s1-eth1,30,2024-09-04 05:59:27.068,192.168.1.10,192.168.1.77,TCP,54,80 → 35633 0x0014
s1-eth3,43,2024-09-04 05:59:27.029,192.168.1.10,192.168.1.77,TCP,54,80 → 32455 0x0014
s1-eth3,44,2024-09-04 05:59:27.029,192.168.1.77,192.168.1.10,TCP,54,32456 → 80 0x0002
s1-eth3,45,2024-09-04 05:59:27.029,192.168.1.10,192.168.1.77,TCP,54,80 → 32456 0x0014
s1-eth2,29,2024-09-04 05:59:27.059,192.168.1.77,192.168.1.10,TCP,54,34971 → 80 0x0002
s1-eth1,31,2024-09-04 05:59:27.069,192.168.1.77,192.168.1.10,TCP,54,35634 → 80 0x0002
s1-eth1,32,2024-09-04 05:59:27.069,192.168.1.10,192.168.1.77,TCP,54,80 → 35634 0x0014
s1-eth1,33,2024-09-04 05:59:27.069,192.168.1.77,192.168.1.10,TCP,54,35635 → 80 0x0002
s1-eth1,34,2024-09-04 05:59:27.069,192.168.1.10,192.168.1.77,TCP,54,80 → 35635 0x0014
s1-eth1,35,2024-09-04 05:59:27.069,192.168.1.77,192.168.1.10,TCP,54,35636 → 80 0x0002
s1-eth1,36,2024-09-04 05:59:27.069,192.168.1.10,192.168.1.77,TCP,54,80 → 35636 0x0014
s1-eth3,46,2024-09-04 05:59:27.029,192.168.1.77,192.168.1.10,TCP,54,32457 → 80 0x0002
s1-eth3,47,2024-09-04 05:59:27.029,192.168.1.10,192.168.1.77,TCP,54,80 → 32457 0x0014
s1-eth3,48,2024-09-04 05:59:27.029,192.168.1.77,192.168.1.10,TCP,54,32458 → 80 0x0002
s1-eth3,49,2024-09-04 05:59:27.029,192.168.1.10,192.168.1.77,TCP,54,80 → 32458 0x0014
s1-eth3,50,2024-09-04 05:59:27.029,192.168.1.77,192.168.1.10,TCP,54,32459 → 80 0x0002
s1-eth2,30,2024-09-04 05:59:27.059,192.168.1.10,192.168.1.77,TCP,54,80 → 34971 0x0014
s1-eth2,31,2024-09-04 05:59:27.059,192.168.1.77,192.168.1.10,TCP,54,34972 → 80 0x0002
s1-eth2,32,2024-09-04 05:59:27.059,192.168.1.10,192.168.1.77,TCP,54,80 → 34972 0x0014
s1-eth2,33,2024-09-04 05:59:27.059,192.168.1.77,192.168.1.10,TCP,54,34973 → 80 0x0002
s1-eth2,34,2024-09-04 05:59:27.059,192.168.1.10,192.168.1.77,TCP,54,80 → 34973 0x0014
s1-eth3,51,2024-09-04 05:59:27.029,192.168.1.10,192.168.1.77,TCP,54,80 → 32459 0x0014
s1-eth3,52,2024-09-04 05:59:27.029,192.168.1.77,192.168.1.10,TCP,54,32460 → 80 0x0002
s1-eth3,53,2024-09-04 05:59:27.029,192.168.1.10,192.168.1.77,TCP,54,80 → 32460 0x0014
s1-eth3,54,2024-09-04 05:59:27.029,192.168.1.77,192.168.1.10,TCP,54,32461 → 80 0x0002
s1-eth2,35,2024-09-04 05:59:27.059,192.168.1.77,192.168.1.10,TCP,54,34974 → 80 0x0002
s1-eth2,36,2024-09-04 05:59:27.059,192.168.1.10,192.168.1.77,TCP,54,80 → 34974 0x0014
s1-eth2,37,2024-09-04 05:59:27.059,192.168.1.77,192.168.1.10,TCP,54,34975 → 80 0x0002
s1-eth2,38,2024-09-04 05:59:27.059,192.168.1.10,192.168.1.77,TCP,54,80 → 34975 0x0014
s1-eth1,37,2024-09-04 05:59:27.069,192.168.1.77,192.168.1.10,TCP,54,35637 → 80 0x0002
s1-eth1,38,2024-09-04 05:59:27.069,192.168.1.10,192.168.1.77,TCP,54,80 → 35637 0x0014
s1-eth3,55,2024-09-04 05:59:27.029,192.168.1.10,192.168.1.77,TCP,54,80 → 32461 0x0014
s1-eth3,56,2024-09-04 05:59:27.029,192.168.1.77,192.168.1.10,TCP,54,32462 → 80 0x0002
s1-eth2,39,2024-09-04 05:59:27.059,192.168.1.77,192.168.1.10,TCP,54,34976 → 80 0x0002
s1-eth2,40,2024-09-04 05:59:27.059,192.168.1.10,192.168.1.77,TCP,54,80 → 34976 0x0014
s1-eth2,41,2024-09-04 05:59:27.059,192.168.1.77,192.168.1.10,TCP,54,34977 → 80 0x0002
s1-eth1,39,2024-09-04 05:59:27.069,192.168.1.77,192.168.1.10,TCP,54,35638 → 80 0x0002
s1-eth1,40,2024-09-04 05:59:27.069,192.168.1.10,192.168.1.77,TCP,54,80 → 35638 0x0014
s1-eth1,41,2024-09-04 05:59:27.069,192.168.1.77,192.168.1.10,TCP,54,35639 → 80 0x0002
s1-eth1,42,2024-09-04 05:59:27.069,192.168.1.10,192.168.1.77,TCP,54,80 → 35639 0x0014
s1-eth1,43,2024-09-04 05:59:27.069,192.168.1.77,192.168.1.10,TCP,54,35640 → 80 0x0002
s1-eth3,57,2024-09-04 05:59:27.029,192.168.1.10,192.168.1.77,TCP,54,80 → 32462 0x0014
s1-eth3,58,2024-09-04 05:59:27.029,192.168.1.77,192.168.1.10,TCP,54,32463 → 80 0x0002
s1-eth2,42,2024-09-04 05:59:27.059,192.168.1.10,192.168.1.77,TCP,54,80 → 34977 0x0014
s1-eth2,43,2024-09-04 05:59:27.059,192.168.1.77,192.168.1.10,TCP,54,34978 → 80 0x0002
s1-eth1,44,2024-09-04 05:59:27.069,192.168.1.10,192.168.1.77,TCP,54,80 → 35640 0x0014
s1-eth1,45,2024-09-04 05:59:27.069,192.168.1.77,192.168.1.10,TCP,54,35641 → 80 0x0002
s1-eth1,46,2024-09-04 05:59:27.069,192.168.1.10,192.168.1.77,TCP,54,80 → 35641 0x0014
s1-eth1,47,2024-09-04 05:59:27.069,192.168.1.77,192.168.1.10,TCP,54,35642 → 80 0x0002
s1-eth1,48,2024-09-04 05:59:27.069,192.168.1.10,192.168.1.77,TCP,54,80 → 35642 0x0014
s1-eth1,49,2024-09-04 05:59:27.069,192.168.1.77,192.168.1.10,TCP,54,35643 → 80 0x0002
s1-eth3,59,2024-09-04 05:59:27.029,192.168.1.10,192.168.1.77,TCP,54,80 → 32463 0x0014
s1-eth3,60,2024-09-04 05:59:27.029,192.168.1.77,192.168.1.10,TCP,54,32464 → 80 0x0002
s1-eth3,61,2024-09-04 05:59:27.029,192.168.1.10,192.168.1.77,TCP,54,80 → 32464 0x0014
s1-eth3,62,2024-09-04 05:59:27.029,192.168.1.77,192.168.1.10,TCP,54,32465 → 80 0x0002
s1-eth3,63,2024-09-04 05:59:27.029,192.168.1.10,192.168.1.77,TCP,54,80 → 32465 0x0014
s1-eth3,64,2024-09-04 05:59:27.029,192.168.1.77,192.168.1.10,TCP,54,32466 → 80 0x0002
s1-eth3,65,2024-09-04 05:59:27.029,192.168.1.10,192.168.1.77,TCP,54,80 → 32466 0x0014
s1-eth2,44,2024-09-04 05:59:27.059,192.168.1.10,192.168.1.77,TCP,54,80 → 34978 0x0014
s1-eth2,45,2024-09-04 05:59:27.059,192.168.1.77,192.168.1.10,TCP,54,34979 → 80 0x0002
s1-eth2,46,2024-09-04 05:59:27.059,192.168.1.10,192.168.1.77,TCP,54,80 → 34979 0x0014
s1-eth3,66,2024-09-04 05:59:27.029,192.168.1.77,192.168.1.10,TCP,54,32467 → 80 0x0002
s1-eth3,67,2024-09-04 05:59:27.029,192.168.1.10,192.168.1.77,TCP,54,80 → 32467 0x0014
s1-eth3,68,2024-09-04 05:59:27.029,192.168.1.77,192.168.1.10,TCP,54,32468 → 80 0x0002
s1-eth2,47,2024-09-04 05:59:27.059,192.168.1.77,192.168.1.10,TCP,54,34980 → 80 0x0002
s1-eth2,48,2024-09-04 05:59:27.059,192.168.1.10,192.168.1.77,TCP,54,80 → 34980 0x0014
s1-eth2,49,2024-09-04 05:59:27.059,192.168.1.77,192.168.1.10,TCP,54,34981 → 80 0x0002
s1-eth2,50,2024-09-04 05:59:27.059,192.168.1.10,192.168.1.77,TCP,54,80 → 34981 0x0014
s1-eth2,51,2024-09-04 05:59:27.059,192.168.1.77,192.168.1.10,TCP,54,34982 → 80 0x0002
s1-eth2,52,2024-09-04 05:59:27.059,192.168.1.10,192.168.1.77,TCP,54,80 → 34982 0x0014
s1-eth1,50,2024-09-04 05:59:27.069,192.168.1.10,192.168.1.77,TCP,54,80 → 35643 0x0014
s1-eth3,69,2024-09-04 05:59:27.029,192.168.1.10,192.168.1.77,TCP,54,80 → 32468 0x0014
s1-eth3,70,2024-09-04 05:59:27.029,192.168.1.77,192.168.1.10,TCP,54,32469 → 80 0x0002
s1-eth3,71,2024-09-04 05:59:27.029,192.168.1.10,192.168.1.77,TCP,54,80 → 32469 0x0014
s1-eth2,53,2024-09-04 05:59:27.059,192.168.1.77,192.168.1.10,TCP,54,34983 → 80 0x0002
s1-eth2,54,2024-09-04 05:59:27.059,192.168.1.10,192.168.1.77,TCP,54,80 → 34983 0x0014
s1-eth2,55,2024-09-04 05:59:27.059,192.168.1.77,192.168.1.10,TCP,54,34984 → 80 0x0002
s1-eth2,56,2024-09-04 05:59:27.059,192.168.1.10,192.168.1.77,TCP,54,80 → 34984 0x0014
s1-eth1,51,2024-09-04 05:59:27.069,192.168.1.77,192.168.1.10,TCP,54,35644 → 80 0x0002
s1-eth1,52,2024-09-04 05:59:27.069,192.168.1.10,192.168.1.77,TCP,54,80 → 35644 0x0014
s1-eth1,53,2024-09-04 05:59:27.069,192.168.1.77,192.168.1.10,TCP,54,35645 → 80 0x0002
s1-eth3,72,2024-09-04 05:59:27.029,192.168.1.77,192.168.1.10,TCP,54,32470 → 80 0x0002
s1-eth3,73,2024-09-04 05:59:27.029,192.168.1.10,192.168.1.77,TCP,54,80 → 32470 0x0014
s1-eth3,74,2024-09-04 05:59:27.029,192.168.1.77,192.168.1.10,TCP,54,32471 → 80 0x0002
s1-eth3,75,2024-09-04 05:59:27.029,192.168.1.10,192.168.1.77,TCP,54,80 → 32471 0x0014
s1-eth3,76,2024-09-04 05:59:27.029,192.168.1.77,192.168.1.10,TCP,54,32472 → 80 0x0002
s1-eth2,57,2024-09-04 05:59:27.059,192.168.1.77,192.168.1.10,TCP,54,34985 → 80 0x0002
s1-eth2,58,2024-09-04 05:59:27.059,192.168.1.10,192.168.1.77,TCP,54,80 → 34985 0x0014
s1-eth2,59,2024-09-04 05:59:27.059,192.168.1.77,192.168.1.10,TCP,54,34986 → 80 0x0002
s1-eth1,54,2024-09-04 05:59:27.069,192.168.1.10,192.168.1.77,TCP,54,80 → 35645 0x0014
s1-eth1,55,2024-09-04 05:59:27.069,192.168.1.77,192.168.1.10,TCP,54,35646 → 80 0x0002
s1-eth3,77,2024-09-04 05:59:27.029,192.168.1.10,192.168.1.77,TCP,54,80 → 32472 0x0014
s1-eth3,78,2024-09-04 05:59:27.029,192.168.1.77,192.168.1.10,TCP,54,32473 → 80 0x0002
s1-eth2,60,2024-09-04 05:59:27.059,192.168.1.10,192.168.1.77,TCP,54,80 → 34986 0x0014
s1-eth2,61,2024-09-04 05:59:27.059,192.168.1.77,192.168.1.10,TCP,54,34987 → 80 0x0002
s1-eth2,62,2024-09-04 05:59:27.059,192.168.1.10,192.168.1.77,TCP,54,80 → 34987 0x0014
s1-eth1,56,2024-09-04 05:59:27.069,192.168.1.10,192.168.1.77,TCP,54,80 → 35646 0x0014
s1-eth1,57,2024-09-04 05:59:27.069,192.168.1.77,192.168.1.10,TCP,54,35647 → 80 0x0002
s1-eth1,58,2024-09-04 05:59:27.069,192.168.1.10,192.168.1.77,TCP,54,80 → 35647 0x0014
s1-eth1,59,2024-09-04 05:59:27.069,192.168.1.77,192.168.1.10,TCP,54,35648 → 80 0x0002
s1-eth1,60,2024-09-04 05:59:27.069,192.168.1.10,192.168.1.77,TCP,54,80 → 35648 0x0014
s1-eth3,79,2024-09-04 05:59:27.029,192.168.1.10,192.168.1.77,TCP,54,80 → 32473 0x0014
s1-eth2,63,2024-09-04 05:59:27.059,192.168.1.77,192.168.1.10,TCP,54,34988 → 80 0x0002
s1-eth2,64,2024-09-04 05:59:27.059,192.168.1.10,192.168.1.77,TCP,54,80 → 34988 0x0014
s1-eth2,65,2024-09-04 05:59:27.059,192.168.1.77,192.168.1.10,TCP,54,34989 → 80 0x0002
s1-eth1,61,2024-09-04 05:59:27.069,192.168.1.77,192.168.1.10,TCP,54,35649 → 80 0x0002
s1-eth1,62,2024-09-04 05:59:27.069,192.168.1.10,192.168.1.77,TCP,54,80 → 35649 0x0014
s1-eth1,63,2024-09-04 05:59:27.069,192.168.1.77,192.168.1.10,TCP,54,35650 → 80 0x0002
s1-eth1,64,2024-09-04 05:59:27.069,192.168.1.10,192.168.1.77,TCP,54,80 → 35650 0x0014
s1-eth1,65,2024-09-04 05:59:27.069,192.168.1.77,192.168.1.10,TCP,54,35651 → 80 0x0002
s1-eth1,66,2024-09-04 05:59:27.069,192.168.1.10,192.168.1.77,TCP,54,80 → 35651 0x0014
s1-eth3,80,2024-09-04 05:59:27.029,192.168.1.77,192.168.1.10,TCP,54,32474 → 80 0x0002
s1-eth3,81,2024-09-04 05:59:27.029,192.168.1.10,192.168.1.77,TCP,54,80 → 32474 0x0014
s1-eth3,82,2024-09-04 05:59:27.029,192.168.1.77,192.168.1.10,TCP,54,32475 → 80 0x0002
s1-eth2,66,2024-09-04 05:59:27.059,192.168.1.10,192.168.1.77,TCP,54,80 → 34989 0x0014
s1-eth2,67,2024-09-04 05:59:27.059,192.168.1.77,192.168.1.10,TCP,54,34990 → 80 0x0002
s1-eth2,68,2024-09-04 05:59:27.059,192.168.1.10,192.168.1.77,TCP,54,80 → 34990 0x0014
s1-eth1,67,2024-09-04 05:59:27.069,192.168.1.77,192.168.1.10,TCP,54,35652 → 80 0x0002
s1-eth1,68,2024-09-04 05:59:27.069,192.168.1.10,192.168.1.77,TCP,54,80 → 35652 0x0014
s1-eth1,69,2024-09-04 05:59:27.069,192.168.1.77,192.168.1.10,TCP,54,35653 → 80 0x0002
s1-eth1,70,2024-09-04 05:59:27.069,192.168.1.10,192.168.1.77,TCP,54,80 → 35653 0x0014
s1-eth3,83,2024-09-04 05:59:27.029,192.168.1.10,192.168.1.77,TCP,54,80 → 32475 0x0014
s1-eth3,84,2024-09-04 05:59:27.029,192.168.1.77,192.168.1.10,TCP,54,32476 → 80 0x0002
s1-eth3,85,2024-09-04 05:59:27.029,192.168.1.10,192.168.1.77,TCP,54,80 → 32476 0x0014
s1-eth3,86,2024-09-04 05:59:27.029,192.168.1.77,192.168.1.10,TCP,54,32477 → 80 0x0002
s1-eth2,69,2024-09-04 05:59:27.059,192.168.1.77,192.168.1.10,TCP,54,34991 → 80 0x0002
s1-eth2,70,2024-09-04 05:59:27.059,192.168.1.10,192.168.1.77,TCP,54,80 → 34991 0x0014
s1-eth2,71,2024-09-04 05:59:27.059,192.168.1.77,192.168.1.10,TCP,54,34992 → 80 0x0002
s1-eth2,72,2024-09-04 05:59:27.059,192.168.1.10,192.168.1.77,TCP,54,80 → 34992 0x0014
s1-eth1,71,2024-09-04 05:59:27.069,192.168.1.77,192.168.1.10,TCP,54,35654 → 80 0x0002
s1-eth1,72,2024-09-04 05:59:27.069,192.168.1.10,192.168.1.77,TCP,54,80 → 35654 0x0014
s1-eth3,87,2024-09-04 05:59:27.029,192.168.1.10,192.168.1.77,TCP,54,80 → 32477 0x0014
s1-eth3,88,2024-09-04 05:59:27.029,192.168.1.77,192.168.1.10,TCP,54,32478 → 80 0x0002
s1-eth3,89,2024-09-04 05:59:27.029,192.168.1.10,192.168.1.77,TCP,54,80 → 32478 0x0014
s1-eth3,90,2024-09-04 05:59:27.029,192.168.1.77,192.168.1.10,TCP,54,32479 → 80 0x0002
s1-eth3,91,2024-09-04 05:59:27.029,192.168.1.10,192.168.1.77,TCP,54,80 → 32479 0x0014
s1-eth2,73,2024-09-04 05:59:27.059,192.168.1.77,192.168.1.10,TCP,54,34993 → 80 0x0002
s1-eth2,74,2024-09-04 05:59:27.059,192.168.1.10,192.168.1.77,TCP,54,80 → 34993 0x0014
s1-eth2,75,2024-09-04 05:59:27.059,192.168.1.77,192.168.1.10,TCP,54,34994 → 80 0x0002
s1-eth2,76,2024-09-04 05:59:27.059,192.168.1.10,192.168.1.77,TCP,54,80 → 34994 0x0014
s1-eth1,73,2024-09-04 05:59:27.069,192.168.1.77,192.168.1.10,TCP,54,35655 → 80 0x0002
s1-eth3,92,2024-09-04 05:59:27.029,192.168.1.77,192.168.1.10,TCP,54,32480 → 80 0x0002
s1-eth3,93,2024-09-04 05:59:27.029,192.168.1.10,192.168.1.77,TCP,54,80 → 32480 0x0014
s1-eth3,94,2024-09-04 05:59:27.029,192.168.1.77,192.168.1.10,TCP,54,32481 → 80 0x0002
s1-eth2,77,2024-09-04 05:59:27.059,192.168.1.77,192.168.1.10,TCP,54,34995 → 80 0x0002
s1-eth2,78,2024-09-04 05:59:27.059,192.168.1.10,192.168.1.77,TCP,54,80 → 34995 0x0014
s1-eth2,79,2024-09-04 05:59:27.059,192.168.1.77,192.168.1.10,TCP,54,34996 → 80 0x0002
s1-eth2,80,2024-09-04 05:59:27.059,192.168.1.10,192.168.1.77,TCP,54,80 → 34996 0x0014
s1-eth1,74,2024-09-04 05:59:27.069,192.168.1.10,192.168.1.77,TCP,54,80 → 35655 0x0014
s1-eth1,75,2024-09-04 05:59:27.069,192.168.1.77,192.168.1.10,TCP,54,35656 → 80 0x0002
s1-eth1,76,2024-09-04 05:59:27.069,192.168.1.10,192.168.1.77,TCP,54,80 → 35656 0x0014
s1-eth3,95,2024-09-04 05:59:27.029,192.168.1.10,192.168.1.77,TCP,54,80 → 32481 0x0014
s1-eth3,96,2024-09-04 05:59:27.029,192.168.1.77,192.168.1.10,TCP,54,32482 → 80 0x0002
s1-eth3,97,2024-09-04 05:59:27.029,192.168.1.10,192.168.1.77,TCP,54,80 → 32482 0x0014
s1-eth3,98,2024-09-04 05:59:27.029,192.168.1.77,192.168.1.10,TCP,54,32483 → 80 0x0002
s1-eth2,81,2024-09-04 05:59:27.059,192.168.1.77,192.168.1.10,TCP,54,34997 → 80 0x0002
s1-eth2,82,2024-09-04 05:59:27.059,192.168.1.10,192.168.1.77,TCP,54,80 → 34997 0x0014
s1-eth2,83,2024-09-04 05:59:27.059,192.168.1.77,192.168.1.10,TCP,54,34998 → 80 0x0002
s1-eth2,84,2024-09-04 05:59:27.059,192.168.1.10,192.168.1.77,TCP,54,80 → 34998 0x0014
s1-eth2,85,2024-09-04 05:59:27.059,192.168.1.77,192.168.1.10,TCP,54,34999 → 80 0x0002
s1-eth1,77,2024-09-04 05:59:27.069,192.168.1.77,192.168.1.10,TCP,54,35657 → 80 0x0002
s1-eth3,99,2024-09-04 05:59:27.029,192.168.1.10,192.168.1.77,TCP,54,80 → 32483 0x0014
s1-eth2,86,2024-09-04 05:59:27.059,192.168.1.10,192.168.1.77,TCP,54,80 → 34999 0x0014
s1-eth2,87,2024-09-04 05:59:27.059,192.168.1.77,192.168.1.10,TCP,54,35000 → 80 0x0002
s1-eth2,88,2024-09-04 05:59:27.059,192.168.1.10,192.168.1.77,TCP,54,80 → 35000 0x0014
s1-eth1,78,2024-09-04 05:59:27.069,192.168.1.10,192.168.1.77,TCP,54,80 → 35657 0x0014
s1-eth1,79,2024-09-04 05:59:27.069,192.168.1.77,192.168.1.10,TCP,54,35658 → 80 0x0002
s1-eth1,80,2024-09-04 05:59:27.069,192.168.1.10,192.168.1.77,TCP,54,80 → 35658 0x0014
s1-eth1,81,2024-09-04 05:59:27.070,192.168.1.77,192.168.1.10,TCP,54,35659 → 80 0x0002
s1-eth1,82,2024-09-04 05:59:27.070,192.168.1.10,192.168.1.77,TCP,54,80 → 35659 0x0014
s1-eth1,83,2024-09-04 05:59:27.070,192.168.1.77,192.168.1.10,TCP,54,35660 → 80 0x0002
s1-eth3,100,2024-09-04 05:59:27.030,192.168.1.77,192.168.1.10,TCP,54,32484 → 80 0x0002
s1-eth3,101,2024-09-04 05:59:27.030,192.168.1.10,192.168.1.77,TCP,54,80 → 32484 0x0014
s1-eth3,102,2024-09-04 05:59:27.030,192.168.1.77,192.168.1.10,TCP,54,32485 → 80 0x0002
s1-eth2,89,2024-09-04 05:59:27.059,192.168.1.77,192.168.1.10,TCP,54,35001 → 80 0x0002
s1-eth2,90,2024-09-04 05:59:27.059,192.168.1.10,192.168.1.77,TCP,54,80 → 35001 0x0014
s1-eth2,91,2024-09-04 05:59:27.059,192.168.1.77,192.168.1.10,TCP,54,35002 → 80 0x0002
s1-eth2,92,2024-09-04 05:59:27.060,192.168.1.10,192.168.1.77,TCP,54,80 → 35002 0x0014
s1-eth2,93,2024-09-04 05:59:27.060,192.168.1.77,192.168.1.10,TCP,54,35003 → 80 0x0002
s1-eth1,84,2024-09-04 05:59:27.070,192.168.1.10,192.168.1.77,TCP,54,80 → 35660 0x0014
s1-eth1,85,2024-09-04 05:59:27.070,192.168.1.77,192.168.1.10,TCP,54,35661 → 80 0x0002
s1-eth3,103,2024-09-04 05:59:27.030,192.168.1.10,192.168.1.77,TCP,54,80 → 32485 0x0014
s1-eth2,94,2024-09-04 05:59:27.060,192.168.1.10,192.168.1.77,TCP,54,80 → 35003 0x0014
s1-eth1,86,2024-09-04 05:59:27.070,192.168.1.10,192.168.1.77,TCP,54,80 → 35661 0x0014
s1-eth1,87,2024-09-04 05:59:27.070,192.168.1.77,192.168.1.10,TCP,54,35662 → 80 0x0002
s1-eth1,88,2024-09-04 05:59:27.070,192.168.1.10,192.168.1.77,TCP,54,80 → 35662 0x0014
s1-eth1,89,2024-09-04 05:59:27.070,192.168.1.77,192.168.1.10,TCP,54,35663 → 80 0x0002
s1-eth1,90,2024-09-04 05:59:27.070,192.168.1.10,192.168.1.77,TCP,54,80 → 35663 0x0014
s1-eth1,91,2024-09-04 05:59:27.070,192.168.1.77,192.168.1.10,TCP,54,35664 → 80 0x0002
s1-eth1,92,2024-09-04 05:59:27.070,192.168.1.10,192.168.1.77,TCP,54,80 → 35664 0x0014
s1-eth1,93,2024-09-04 05:59:27.070,192.168.1.77,192.168.1.10,TCP,54,35665 → 80 0x0002
s1-eth3,104,2024-09-04 05:59:27.030,192.168.1.77,192.168.1.10,TCP,54,32486 → 80 0x0002
s1-eth3,105,2024-09-04 05:59:27.030,192.168.1.10,192.168.1.77,TCP,54,80 → 32486 0x0014
s1-eth3,106,2024-09-04 05:59:27.030,192.168.1.77,192.168.1.10,TCP,54,32487 → 80 0x0002
s1-eth2,95,2024-09-04 05:59:27.060,192.168.1.77,192.168.1.10,TCP,54,35004 → 80 0x0002
s1-eth2,96,2024-09-04 05:59:27.060,192.168.1.10,192.168.1.77,TCP,54,80 → 35004 0x0014
s1-eth2,97,2024-09-04 05:59:27.060,192.168.1.77,192.168.1.10,TCP,54,35005 → 80 0x0002
s1-eth2,98,2024-09-04 05:59:27.060,192.168.1.10,192.168.1.77,TCP,54,80 → 35005 0x0014
s1-eth1,94,2024-09-04 05:59:27.070,192.168.1.10,192.168.1.77,TCP,54,80 → 35665 0x0014
s1-eth1,95,2024-09-04 05:59:27.070,192.168.1.77,192.168.1.10,TCP,54,35666 → 80 0x0002
s1-eth1,96,2024-09-04 05:59:27.070,192.168.1.10,192.168.1.77,TCP,54,80 → 35666 0x0014
s1-eth3,107,2024-09-04 05:59:27.030,192.168.1.10,192.168.1.77,TCP,54,80 → 32487 0x0014
s1-eth3,108,2024-09-04 05:59:27.030,192.168.1.77,192.168.1.10,TCP,54,32488 → 80 0x0002
s1-eth3,109,2024-09-04 05:59:27.030,192.168.1.10,192.168.1.77,TCP,54,80 → 32488 0x0014
s1-eth3,110,2024-09-04 05:59:27.030,192.168.1.77,192.168.1.10,TCP,54,32489 → 80 0x0002
s1-eth3,111,2024-09-04 05:59:27.030,192.168.1.10,192.168.1.77,TCP,54,80 → 32489 0x0014
s1-eth2,99,2024-09-04 05:59:27.060,192.168.1.77,192.168.1.10,TCP,54,35006 → 80 0x0002
s1-eth2,100,2024-09-04 05:59:27.060,192.168.1.10,192.168.1.77,TCP,54,80 → 35006 0x0014
s1-eth2,101,2024-09-04 05:59:27.060,192.168.1.77,192.168.1.10,TCP,54,35007 → 80 0x0002
s1-eth2,102,2024-09-04 05:59:27.060,192.168.1.10,192.168.1.77,TCP,54,80 → 35007 0x0014
s1-eth1,97,2024-09-04 05:59:27.070,192.168.1.77,192.168.1.10,TCP,54,35667 → 80 0x0002
s1-eth3,112,2024-09-04 05:59:27.030,192.168.1.77,192.168.1.10,TCP,54,32490 → 80 0x0002
s1-eth2,103,2024-09-04 05:59:27.060,192.168.1.77,192.168.1.10,TCP,54,35008 → 80 0x0002
s1-eth2,104,2024-09-04 05:59:27.060,192.168.1.10,192.168.1.77,TCP,54,80 → 35008 0x0014
s1-eth2,105,2024-09-04 05:59:27.060,192.168.1.77,192.168.1.10,TCP,54,35009 → 80 0x0002
s1-eth1,98,2024-09-04 05:59:27.070,192.168.1.10,192.168.1.77,TCP,54,80 → 35667 0x0014
s1-eth1,99,2024-09-04 05:59:27.070,192.168.1.77,192.168.1.10,TCP,54,35668 → 80 0x0002
s1-eth1,100,2024-09-04 05:59:27.070,192.168.1.10,192.168.1.77,TCP,54,80 → 35668 0x0014
s1-eth1,101,2024-09-04 05:59:27.070,192.168.1.77,192.168.1.10,TCP,54,35669 → 80 0x0002
s1-eth1,102,2024-09-04 05:59:27.070,192.168.1.10,192.168.1.77,TCP,54,80 → 35669 0x0014
s1-eth1,103,2024-09-04 05:59:27.070,192.168.1.77,192.168.1.10,TCP,54,35670 → 80 0x0002
s1-eth3,113,2024-09-04 05:59:27.030,192.168.1.10,192.168.1.77,TCP,54,80 → 32490 0x0014
s1-eth3,114,2024-09-04 05:59:27.030,192.168.1.77,192.168.1.10,TCP,54,32491 → 80 0x0002
s1-eth3,115,2024-09-04 05:59:27.030,192.168.1.10,192.168.1.77,TCP,54,80 → 32491 0x0014
s1-eth3,116,2024-09-04 05:59:27.030,192.168.1.77,192.168.1.10,TCP,54,32492 → 80 0x0002
s1-eth2,106,2024-09-04 05:59:27.060,192.168.1.10,192.168.1.77,TCP,54,80 → 35009 0x0014
s1-eth2,107,2024-09-04 05:59:27.060,192.168.1.77,192.168.1.10,TCP,54,35010 → 80 0x0002
s1-eth2,108,2024-09-04 05:59:27.060,192.168.1.10,192.168.1.77,TCP,54,80 → 35010 0x0014
s1-eth2,109,2024-09-04 05:59:27.060,192.168.1.77,192.168.1.10,TCP,54,35011 → 80 0x0002
s1-eth1,104,2024-09-04 05:59:27.070,192.168.1.10,192.168.1.77,TCP,54,80 → 35670 0x0014
s1-eth1,105,2024-09-04 05:59:27.070,192.168.1.77,192.168.1.10,TCP,54,35671 → 80 0x0002
s1-eth3,117,2024-09-04 05:59:27.030,192.168.1.10,192.168.1.77,TCP,54,80 → 32492 0x0014
s1-eth3,118,2024-09-04 05:59:27.030,192.168.1.77,192.168.1.10,TCP,54,32493 → 80 0x0002
s1-eth3,119,2024-09-04 05:59:27.030,192.168.1.10,192.168.1.77,TCP,54,80 → 32493 0x0014
s1-eth2,110,2024-09-04 05:59:27.060,192.168.1.10,192.168.1.77,TCP,54,80 → 35011 0x0014
s1-eth2,111,2024-09-04 05:59:27.060,192.168.1.77,192.168.1.10,TCP,54,35012 → 80 0x0002
s1-eth2,112,2024-09-04 05:59:27.060,192.168.1.10,192.168.1.77,TCP,54,80 → 35012 0x0014
s1-eth1,106,2024-09-04 05:59:27.070,192.168.1.10,192.168.1.77,TCP,54,80 → 35671 0x0014
s1-eth1,107,2024-09-04 05:59:27.070,192.168.1.77,192.168.1.10,TCP,54,35672 → 80 0x0002
s1-eth1,108,2024-09-04 05:59:27.070,192.168.1.10,192.168.1.77,TCP,54,80 → 35672 0x0014
s1-eth1,109,2024-09-04 05:59:27.070,192.168.1.77,192.168.1.10,TCP,54,35673 → 80 0x0002
s1-eth3,120,2024-09-04 05:59:27.030,192.168.1.77,192.168.1.10,TCP,54,32494 → 80 0x0002
s1-eth3,121,2024-09-04 05:59:27.030,192.168.1.10,192.168.1.77,TCP,54,80 → 32494 0x0014
s1-eth3,122,2024-09-04 05:59:27.030,192.168.1.77,192.168.1.10,TCP,54,32495 → 80 0x0002
s1-eth2,113,2024-09-04 05:59:27.060,192.168.1.77,192.168.1.10,TCP,54,35013 → 80 0x0002
s1-eth2,114,2024-09-04 05:59:27.060,192.168.1.10,192.168.1.77,TCP,54,80 → 35013 0x0014
s1-eth2,115,2024-09-04 05:59:27.060,192.168.1.77,192.168.1.10,TCP,54,35014 → 80 0x0002
s1-eth2,116,2024-09-04 05:59:27.060,192.168.1.10,192.168.1.77,TCP,54,80 → 35014 0x0014
s1-eth1,110,2024-09-04 05:59:27.070,192.168.1.10,192.168.1.77,TCP,54,80 → 35673 0x0014
s1-eth1,111,2024-09-04 05:59:27.070,192.168.1.77,192.168.1.10,TCP,54,35674 → 80 0x0002
s1-eth1,112,2024-09-04 05:59:27.070,192.168.1.10,192.168.1.77,TCP,54,80 → 35674 0x0014
s1-eth3,123,2024-09-04 05:59:27.030,192.168.1.10,192.168.1.77,TCP,54,80 → 32495 0x0014
s1-eth3,124,2024-09-04 05:59:27.030,192.168.1.77,192.168.1.10,TCP,54,32496 → 80 0x0002
s1-eth3,125,2024-09-04 05:59:27.030,192.168.1.10,192.168.1.77,TCP,54,80 → 32496 0x0014
s1-eth2,117,2024-09-04 05:59:27.060,192.168.1.77,192.168.1.10,TCP,54,35015 → 80 0x0002
s1-eth2,118,2024-09-04 05:59:27.060,192.168.1.10,192.168.1.77,TCP,54,80 → 35015 0x0014
s1-eth2,119,2024-09-04 05:59:27.060,192.168.1.77,192.168.1.10,TCP,54,35016 → 80 0x0002
s1-eth1,113,2024-09-04 05:59:27.070,192.168.1.77,192.168.1.10,TCP,54,35675 → 80 0x0002
s1-eth1,114,2024-09-04 05:59:27.070,192.168.1.10,192.168.1.77,TCP,54,80 → 35675 0x0014
s1-eth1,115,2024-09-04 05:59:27.070,192.168.1.77,192.168.1.10,TCP,54,35676 → 80 0x0002
s1-eth1,116,2024-09-04 05:59:27.070,192.168.1.10,192.168.1.77,TCP,54,80 → 35676 0x0014
s1-eth3,126,2024-09-04 05:59:27.030,192.168.1.77,192.168.1.10,TCP,54,32497 → 80 0x0002
s1-eth3,127,2024-09-04 05:59:27.030,192.168.1.10,192.168.1.77,TCP,54,80 → 32497 0x0014
s1-eth2,120,2024-09-04 05:59:27.060,192.168.1.10,192.168.1.77,TCP,54,80 → 35016 0x0014
s1-eth2,121,2024-09-04 05:59:27.060,192.168.1.77,192.168.1.10,TCP,54,35017 → 80 0x0002
s1-eth2,122,2024-09-04 05:59:27.060,192.168.1.10,192.168.1.77,TCP,54,80 → 35017 0x0014
s1-eth1,117,2024-09-04 05:59:27.070,192.168.1.77,192.168.1.10,TCP,54,35677 → 80 0x0002
s1-eth1,118,2024-09-04 05:59:27.070,192.168.1.10,192.168.1.77,TCP,54,80 → 35677 0x0014
s1-eth1,119,2024-09-04 05:59:27.070,192.168.1.77,192.168.1.10,TCP,54,35678 → 80 0x0002
s1-eth1,120,2024-09-04 05:59:27.070,192.168.1.10,192.168.1.77,TCP,54,80 → 35678 0x0014
s1-eth1,121,2024-09-04 05:59:27.070,192.168.1.77,192.168.1.10,TCP,54,35679 → 80 0x0002
s1-eth3,128,2024-09-04 05:59:27.030,192.168.1.77,192.168.1.10,TCP,54,32498 → 80 0x0002
s1-eth3,129,2024-09-04 05:59:27.030,192.168.1.10,192.168.1.77,TCP,54,80 → 32498 0x0014
s1-eth3,130,2024-09-04 05:59:27.030,192.168.1.77,192.168.1.10,TCP,54,32499 → 80 0x0002
s1-eth2,123,2024-09-04 05:59:27.060,192.168.1.77,192.168.1.10,TCP,54,35018 → 80 0x0002
s1-eth2,124,2024-09-04 05:59:27.060,192.168.1.10,192.168.1.77,TCP,54,80 → 35018 0x0014
s1-eth2,125,2024-09-04 05:59:27.060,192.168.1.77,192.168.1.10,TCP,54,35019 → 80 0x0002
s1-eth2,126,2024-09-04 05:59:27.060,192.168.1.10,192.168.1.77,TCP,54,80 → 35019 0x0014
s1-eth1,122,2024-09-04 05:59:27.070,192.168.1.10,192.168.1.77,TCP,54,80 → 35679 0x0014
s1-eth1,123,2024-09-04 05:59:27.070,192.168.1.77,192.168.1.10,TCP,54,35680 → 80 0x0002
s1-eth1,124,2024-09-04 05:59:27.070,192.168.1.10,192.168.1.77,TCP,54,80 → 35680 0x0014
s1-eth3,131,2024-09-04 05:59:27.030,192.168.1.10,192.168.1.77,TCP,54,80 → 32499 0x0014
s1-eth3,132,2024-09-04 05:59:27.030,192.168.1.77,192.168.1.10,TCP,54,32500 → 80 0x0002
s1-eth2,127,2024-09-04 05:59:27.060,192.168.1.77,192.168.1.10,TCP,54,35020 → 80 0x0002
s1-eth2,128,2024-09-04 05:59:27.060,192.168.1.10,192.168.1.77,TCP,54,80 → 35020 0x0014
s1-eth1,125,2024-09-04 05:59:27.070,192.168.1.77,192.168.1.10,TCP,54,35681 → 80 0x0002
s1-eth1,126,2024-09-04 05:59:27.070,192.168.1.10,192.168.1.77,TCP,54,80 → 35681 0x0014
s1-eth1,127,2024-09-04 05:59:27.070,192.168.1.77,192.168.1.10,TCP,54,35682 → 80 0x0002
s1-eth1,128,2024-09-04 05:59:27.070,192.168.1.10,192.168.1.77,TCP,54,80 → 35682 0x0014
s1-eth1,129,2024-09-04 05:59:27.071,192.168.1.77,192.168.1.10,TCP,54,35683 → 80 0x0002
s1-eth1,130,2024-09-04 05:59:27.071,192.168.1.10,192.168.1.77,TCP,54,80 → 35683 0x0014
s1-eth3,133,2024-09-04 05:59:27.030,192.168.1.10,192.168.1.77,TCP,54,80 → 32500 0x0014
s1-eth3,134,2024-09-04 05:59:27.030,192.168.1.77,192.168.1.10,TCP,54,32501 → 80 0x0002
s1-eth2,129,2024-09-04 05:59:27.060,192.168.1.77,192.168.1.10,TCP,54,35021 → 80 0x0002
s1-eth2,130,2024-09-04 05:59:27.060,192.168.1.10,192.168.1.77,TCP,54,80 → 35021 0x0014
s1-eth2,131,2024-09-04 05:59:27.060,192.168.1.77,192.168.1.10,TCP,54,35022 → 80 0x0002
s1-eth2,132,2024-09-04 05:59:27.060,192.168.1.10,192.168.1.77,TCP,54,80 → 35022 0x0014
s1-eth1,131,2024-09-04 05:59:27.071,192.168.1.77,192.168.1.10,TCP,54,35684 → 80 0x0002
s1-eth1,132,2024-09-04 05:59:27.071,192.168.1.10,192.168.1.77,TCP,54,80 → 35684 0x0014
s1-eth1,133,2024-09-04 05:59:27.071,192.168.1.77,192.168.1.10,TCP,54,35685 → 80 0x0002
s1-eth1,134,2024-09-04 05:59:27.071,192.168.1.10,192.168.1.77,TCP,54,80 → 35685 0x0014
s1-eth3,135,2024-09-04 05:59:27.030,192.168.1.10,192.168.1.77,TCP,54,80 → 32501 0x0014